{
    "mu_DSCB_mm": [
        5281.066226100458,
        0.05043659093240893
    ],
    "sigma_DSCB_mm": [
        16.43048478185132,
        0.0545191478078747
    ],
    "alphal_DSCB_mm": [
        1.5546017445349418,
        0.0189916681189469
    ],
    "nl_DSCB_mm": [
        2.4741801327829815,
        0.10139369800990079
    ],
    "alphar_DSCB_mm": [
        1.8978367800643987,
        0.02587821730173028
    ],
    "nr_DSCB_mm": [
        5.873169481905052,
        0.3165159459740156
    ]
}