{
    "correction_right_CB_mu_psi2S_high": [
        303.0345550970421,
        4.724723310633955
    ],
    "correction_right_CB_sigma_psi2S_high": [
        40.14789361334713,
        3.372287951530423
    ],
    "correction_right_CB_alpha_psi2S_high": [
        -0.20898155820526257,
        0.01931501368497241
    ],
    "correction_right_CB_n_psi2S_high": [
        109.99498271107589,
        1.5813489429923515
    ]
}