{
    "mu_DSCB_1": [
        5246.464456942778,
        1.139597778273524
    ],
    "sigma_DSCB_1": [
        53.809309707444115,
        1.666151125659937
    ],
    "alphal_DSCB_1": [
        0.5721541301229411,
        0.021074602076273822
    ],
    "nl_DSCB_1": [
        128.07515905678375,
        37.75936935835504
    ],
    "alphar_DSCB_1": [
        1.2485279489320955,
        0.04410891607973576
    ],
    "nr_DSCB_1": [
        2.1795496115431416,
        0.1172334021865575
    ]
}