{
    "phsp": [
        4516,
        0.002668929531451861,
        0,
        0.5
    ],
    "yld": [
        0.6097435459880763,
        7.026881781724494,
        73.8954345041342
    ]
}