{
    "seq_len": 32,
    "usecols": [
        "text",
        "target"
    ],
    "tokenizer": "tokenize_re",
    "embeddings": [
        2000,
        64
    ],
    "kernel_lengths": [
        2,
        3,
        4,
        5
    ],
    "strides": [
        2,
        2,
        2,
        2
    ],
    "conv_output_size": 32,
    "in_channels": 32,
    "planes": 1,
    "out_channels": 32,
    "groups": 1,
    "epochs": 10,
    "batch_size": 12,
    "learning_rate": 0.001,
    "test_size": 0.1,
    "dropout_portion": 0.2,
    "num_stopwords": 0,
    "case_sensitive": true,
    "split_random_state": 1460223,
    "numpy_random_state": 417,
    "torch_random_state": 417554,
    "re_sub": "[^A-Za-z0-9.?!]+",
    "vocab_size": 2000,
    "embedding_size": 64,
    "learning_curve": [
        [
            0.6673144698143005,
            0.5994745292658006,
            0.6338582677165354
        ],
        [
            0.652296245098114,
            0.6867610567800321,
            0.7020997375328084
        ],
        [
            0.5838302969932556,
            0.7362428842504743,
            0.7217847769028871
        ],
        [
            0.5139410495758057,
            0.7648518464457743,
            0.7335958005249343
        ],
        [
            0.5105997920036316,
            0.7934608086410743,
            0.7388451443569554
        ],
        [
            0.37949225306510925,
            0.8157933148445482,
            0.7440944881889764
        ],
        [
            0.3733505308628082,
            0.8363742519340243,
            0.7467191601049868
        ],
        [
            0.3299218416213989,
            0.8509706612173406,
            0.7624671916010499
        ],
        [
            0.25810009241104126,
            0.8582688658589986,
            0.7598425196850394
        ],
        [
            0.2605447471141815,
            0.8709677419354839,
            0.7585301837270341
        ]
    ],
    "loss": 0.2605447471141815,
    "train_accuracy": 0.8709677419354839,
    "test_accuracy": 0.7585301837270341
}