{
    "seq_len": 32,
    "usecols": [
        "text",
        "target"
    ],
    "tokenizer": "tokenize_re",
    "embeddings": [
        2000,
        64
    ],
    "kernel_lengths": [
        2,
        3,
        4,
        5
    ],
    "strides": [
        2,
        2,
        2,
        2
    ],
    "conv_output_size": 32,
    "in_channels": 32,
    "planes": 1,
    "out_channels": 32,
    "groups": 1,
    "epochs": 20,
    "batch_size": 12,
    "learning_rate": 0.001,
    "test_size": 0.1,
    "dropout_portion": 0.2,
    "num_stopwords": 0,
    "case_sensitive": true,
    "split_random_state": 1461348,
    "numpy_random_state": 945,
    "torch_random_state": 945794,
    "re_sub": "[^A-Za-z0-9.?!]+",
    "vocab_size": 2000,
    "embedding_size": 64,
    "learning_curve": [
        [
            0.8294661045074463,
            0.6082323748357904,
            0.5328083989501312
        ],
        [
            0.7721062302589417,
            0.6921617282148591,
            0.6115485564304461
        ],
        [
            0.9285202622413635,
            0.7343453510436433,
            0.6325459317585301
        ],
        [
            0.587489664554596,
            0.7638300977959422,
            0.6666666666666666
        ],
        [
            0.7535951733589172,
            0.7854327835352504,
            0.6955380577427821
        ],
        [
            0.555879533290863,
            0.8101007152240549,
            0.6719160104986877
        ],
        [
            0.43075400590896606,
            0.824551160414538,
            0.6863517060367454
        ],
        [
            0.6180910468101501,
            0.8425047438330171,
            0.7257217847769029
        ],
        [
            0.506417453289032,
            0.8528681944241716,
            0.7191601049868767
        ],
        [
            0.5197754502296448,
            0.8664428550576558,
            0.7086614173228346
        ],
        [
            0.3526424467563629,
            0.8754926288133119,
            0.7388451443569554
        ],
        [
            0.33687904477119446,
            0.8892132535396292,
            0.7309711286089239
        ],
        [
            0.3558947443962097,
            0.8965114581812874,
            0.7283464566929134
        ],
        [
            0.33236828446388245,
            0.9084805137936067,
            0.7257217847769029
        ],
        [
            0.28878113627433777,
            0.9130054006714349,
            0.7244094488188977
        ],
        [
            0.10035169124603271,
            0.9188439643847613,
            0.7480314960629921
        ],
        [
            0.19080843031406403,
            0.9259962049335864,
            0.7414698162729659
        ],
        [
            0.07251358777284622,
            0.9305210918114144,
            0.7244094488188977
        ],
        [
            0.2593349814414978,
            0.9347540505035761,
            0.7283464566929134
        ],
        [
            0.10730268806219101,
            0.9407385783097358,
            0.7296587926509186
        ]
    ],
    "loss": 0.10730268806219101,
    "train_accuracy": 0.9407385783097358,
    "test_accuracy": 0.7296587926509186
}