{
    "seq_len": 32,
    "usecols": [
        "text",
        "target"
    ],
    "tokenizer": "tokenize_re",
    "embeddings": [
        2000,
        64
    ],
    "kernel_lengths": [
        2,
        3,
        4,
        5
    ],
    "strides": [
        2,
        2,
        2,
        2
    ],
    "conv_output_size": 32,
    "in_channels": 32,
    "planes": 1,
    "out_channels": 32,
    "groups": 1,
    "epochs": 20,
    "batch_size": 12,
    "learning_rate": 0.001,
    "test_size": 0.1,
    "dropout_portion": 0.2,
    "num_stopwords": 0,
    "case_sensitive": true,
    "split_random_state": 1461995,
    "numpy_random_state": 433,
    "torch_random_state": 433994,
    "re_sub": "[^A-Za-z0-9.?!]+",
    "vocab_size": 2000,
    "embedding_size": 64,
    "learning_curve": [
        [
            0.8061568737030029,
            0.5899868632316451,
            0.6863517060367454
        ],
        [
            0.7910839319229126,
            0.6746460370748796,
            0.6850393700787402
        ],
        [
            0.5328391790390015,
            0.7252955772879871,
            0.6981627296587927
        ],
        [
            0.5583431720733643,
            0.7636841337031091,
            0.7034120734908137
        ],
        [
            0.5838253498077393,
            0.790541526784411,
            0.7165354330708661
        ],
        [
            0.53005450963974,
            0.80572179243906,
            0.7178477690288714
        ],
        [
            0.5333127379417419,
            0.8251350167858706,
            0.7204724409448819
        ],
        [
            0.36222952604293823,
            0.846883666618012,
            0.7335958005249343
        ],
        [
            0.23334430158138275,
            0.8534520507955043,
            0.7598425196850394
        ],
        [
            0.3731132745742798,
            0.8687782805429864,
            0.7598425196850394
        ],
        [
            0.1616118997335434,
            0.8804554079696395,
            0.7703412073490814
        ],
        [
            0.17306660115718842,
            0.8915486790249598,
            0.7637795275590551
        ],
        [
            0.24727825820446014,
            0.9022040578017808,
            0.7650918635170604
        ],
        [
            0.2415088713169098,
            0.9080426215151073,
            0.7585301837270341
        ],
        [
            0.45944374799728394,
            0.9168004670850971,
            0.7637795275590551
        ],
        [
            0.06031803786754608,
            0.9252663844694206,
            0.7650918635170604
        ],
        [
            0.16178707778453827,
            0.927455845861918,
            0.7664041994750657
        ],
        [
            0.138902485370636,
            0.9335863377609108,
            0.7611548556430446
        ],
        [
            0.15811078250408173,
            0.939132973288571,
            0.7506561679790026
        ],
        [
            0.05060684308409691,
            0.9366515837104072,
            0.7611548556430446
        ]
    ],
    "loss": 0.05060684308409691,
    "train_accuracy": 0.9366515837104072,
    "test_accuracy": 0.7611548556430446
}