{
    "seq_len": 32,
    "usecols": [
        "text",
        "target"
    ],
    "tokenizer": "tokenize_re",
    "embeddings": [
        2000,
        64
    ],
    "kernel_lengths": [
        2,
        3,
        4,
        5
    ],
    "strides": [
        2,
        2,
        2,
        2
    ],
    "conv_output_size": 50,
    "in_channels": 32,
    "planes": 1,
    "out_channels": 32,
    "groups": 1,
    "epochs": 10,
    "batch_size": 12,
    "learning_rate": 0.001,
    "test_size": 0.1,
    "dropout_portion": 0.2,
    "num_stopwords": 0,
    "case_sensitive": true,
    "split_random_state": 1460013,
    "numpy_random_state": 48,
    "torch_random_state": 48167,
    "re_sub": "[^A-Za-z0-9.?!]+",
    "vocab_size": 2000,
    "embedding_size": 64,
    "learning_curve": [
        [
            0.42101114988327026,
            0.61144358487812,
            0.6299212598425197
        ],
        [
            0.3237318694591522,
            0.6763976061888776,
            0.6679790026246719
        ],
        [
            0.33395394682884216,
            0.7127426653043352,
            0.678477690288714
        ],
        [
            0.23229722678661346,
            0.7426653043351336,
            0.6955380577427821
        ],
        [
            0.21058620512485504,
            0.7743395124799299,
            0.6968503937007874
        ],
        [
            0.15474778413772583,
            0.7841191066997518,
            0.7191601049868767
        ],
        [
            0.11564057320356369,
            0.8003211210042329,
            0.7165354330708661
        ],
        [
            0.08986160159111023,
            0.8192964530725442,
            0.7257217847769029
        ],
        [
            0.08319088071584702,
            0.8356444314698585,
            0.7244094488188977
        ],
        [
            0.0508793480694294,
            0.8419208874616845,
            0.7283464566929134
        ]
    ],
    "loss": 0.0508793480694294,
    "train_accuracy": 0.8419208874616845,
    "test_accuracy": 0.7283464566929134
}