{
    "f_sig_psi2": [
        0.007543780003876624,
        0.0015715625373297116
    ],
    "B_mass_psi2": [
        5281.583793299918,
        5.83228098681858
    ],
    "sigma_psi2": [
        27.153591997353345,
        6.9487836178864635
    ],
    "cmb_mm_mu_psi2": [
        4081.441853562487,
        3.1117824062458177
    ],
    "cmb_mm_scale_psi2": [
        0.7974487557349066,
        0.04243685104496704
    ],
    "cmb_mm_a_psi2": [
        -11.417351030754912,
        0.07930082107947246
    ],
    "cmb_mm_b_psi2": [
        1.4749001902276428,
        0.009470511146282563
    ]
}