{
    "mu_DSCB_2": [
        5267.877801138689,
        1.3856431809741374
    ],
    "sigma_DSCB_2": [
        68.37639969577205,
        2.6721463419191007
    ],
    "alphal_DSCB_2": [
        0.9059569054699351,
        0.05874699148748314
    ],
    "nl_DSCB_2": [
        27.715241803879298,
        14.832438982801639
    ],
    "alphar_DSCB_2": [
        0.8426233002419833,
        0.047775900300465406
    ],
    "nr_DSCB_2": [
        3.1290410605487273,
        0.2879456695877605
    ]
}