{
    "seq_len": 32,
    "usecols": [
        "text",
        "target"
    ],
    "tokenizer": "tokenize_re",
    "embeddings": [
        2000,
        64
    ],
    "kernel_lengths": [
        2,
        3,
        4,
        5
    ],
    "strides": [
        2,
        2,
        2,
        2
    ],
    "conv_output_size": 32,
    "in_channels": 32,
    "planes": 1,
    "out_channels": 32,
    "groups": 1,
    "epochs": 20,
    "batch_size": 12,
    "learning_rate": 0.001,
    "test_size": 0.1,
    "dropout_portion": 0.2,
    "num_stopwords": 0,
    "case_sensitive": true,
    "split_random_state": 1461049,
    "numpy_random_state": 841,
    "torch_random_state": 841794,
    "re_sub": "[^A-Za-z0-9.?!]+",
    "vocab_size": 2000,
    "embedding_size": 64,
    "learning_curve": [
        [
            0.5898134708404541,
            0.6000583856371333,
            0.6062992125984252
        ],
        [
            0.4566913843154907,
            0.6908480513793607,
            0.6614173228346457
        ],
        [
            0.3611561357975006,
            0.7290906437016494,
            0.7034120734908137
        ],
        [
            0.4301525950431824,
            0.7673332360239381,
            0.7034120734908137
        ],
        [
            0.3585777282714844,
            0.7938987009195738,
            0.7270341207349081
        ],
        [
            0.3316699266433716,
            0.8147715661947161,
            0.7375328083989501
        ],
        [
            0.22824779152870178,
            0.8341847905415268,
            0.7375328083989501
        ],
        [
            0.306539922952652,
            0.8480513793606773,
            0.7388451443569554
        ],
        [
            0.1844688057899475,
            0.8623558604583272,
            0.7454068241469817
        ],
        [
            0.23080044984817505,
            0.8749087724419793,
            0.7427821522309711
        ],
        [
            0.3100753426551819,
            0.8868778280542986,
            0.7454068241469817
        ],
        [
            0.16803577542304993,
            0.8895051817252956,
            0.7467191601049868
        ],
        [
            0.20709523558616638,
            0.9038096628229455,
            0.7480314960629921
        ],
        [
            0.23736333847045898,
            0.9099401547219385,
            0.7480314960629921
        ],
        [
            0.12423735111951828,
            0.9173843234564297,
            0.7388451443569554
        ],
        [
            0.1481793075799942,
            0.9238067435410889,
            0.7349081364829396
        ],
        [
            0.06279439479112625,
            0.9287695226974164,
            0.7296587926509186
        ],
        [
            0.12723352015018463,
            0.9357757991534082,
            0.7283464566929134
        ],
        [
            0.16856904327869415,
            0.9376733323602394,
            0.7270341207349081
        ],
        [
            0.05050158500671387,
            0.9398627937527368,
            0.7257217847769029
        ]
    ],
    "loss": 0.05050158500671387,
    "train_accuracy": 0.9398627937527368,
    "test_accuracy": 0.7257217847769029
}