{
    "seq_len": 32,
    "usecols": [
        "text",
        "target"
    ],
    "tokenizer": "tokenize_re",
    "embeddings": [
        2000,
        64
    ],
    "kernel_lengths": [
        2,
        3,
        4,
        5
    ],
    "strides": [
        2,
        2,
        2,
        2
    ],
    "conv_output_size": 32,
    "in_channels": 32,
    "planes": 1,
    "out_channels": 32,
    "groups": 1,
    "epochs": 10,
    "batch_size": 12,
    "learning_rate": 0.001,
    "test_size": 0.1,
    "dropout_portion": 0.2,
    "num_stopwords": 0,
    "case_sensitive": true,
    "split_random_state": 1460940,
    "numpy_random_state": 433,
    "torch_random_state": 433994,
    "re_sub": "[^A-Za-z0-9.?!]+",
    "vocab_size": 2000,
    "embedding_size": 64,
    "learning_curve": [
        [
            0.6614749431610107,
            0.6139249744562838,
            0.636482939632546
        ],
        [
            0.5514588356018066,
            0.6883666618011969,
            0.7099737532808399
        ],
        [
            0.4705458879470825,
            0.7339074587651437,
            0.7388451443569554
        ],
        [
            0.35673093795776367,
            0.7722960151802657,
            0.7650918635170604
        ],
        [
            0.28001248836517334,
            0.7952123777550723,
            0.7782152230971129
        ],
        [
            0.3533312976360321,
            0.8171069916800467,
            0.7834645669291339
        ],
        [
            0.22455070912837982,
            0.8338928623558605,
            0.7821522309711286
        ],
        [
            0.24331556260585785,
            0.8476134870821778,
            0.7795275590551181
        ],
        [
            0.2981152832508087,
            0.8617720040869946,
            0.7821522309711286
        ],
        [
            0.11444409191608429,
            0.8727193110494819,
            0.7900262467191601
        ]
    ],
    "loss": 0.11444409191608429,
    "train_accuracy": 0.8727193110494819,
    "test_accuracy": 0.7900262467191601
}