{
    "seq_len": 32,
    "usecols": [
        "text",
        "target"
    ],
    "tokenizer": "tokenize_re",
    "embeddings": [
        2000,
        64
    ],
    "kernel_lengths": [
        2,
        3,
        4,
        5
    ],
    "strides": [
        2,
        2,
        2,
        2
    ],
    "conv_output_size": 32,
    "in_channels": 32,
    "planes": 1,
    "out_channels": 32,
    "groups": 32,
    "epochs": 10,
    "batch_size": 12,
    "learning_rate": 0.001,
    "test_size": 0.1,
    "dropout_portion": 0.2,
    "num_stopwords": 0,
    "case_sensitive": true,
    "split_random_state": 1460331,
    "numpy_random_state": 155,
    "torch_random_state": 155048,
    "re_sub": "[^A-Za-z0-9.?!]+",
    "vocab_size": 2000,
    "embedding_size": 64,
    "learning_curve": [
        [
            0.5104185342788696,
            0.6009341701941322,
            0.6351706036745407
        ],
        [
            0.5128018856048584,
            0.669683257918552,
            0.6640419947506562
        ],
        [
            0.526334822177887,
            0.7073419938695081,
            0.7099737532808399
        ],
        [
            0.3930826187133789,
            0.73142606918698,
            0.7257217847769029
        ],
        [
            0.43093302845954895,
            0.7585753904539483,
            0.7060367454068242
        ],
        [
            0.37495139241218567,
            0.7776966866150927,
            0.7283464566929134
        ],
        [
            0.37726154923439026,
            0.7984235877974019,
            0.7244094488188977
        ],
        [
            0.48122578859329224,
            0.8105386075025544,
            0.7545931758530183
        ],
        [
            0.3556259572505951,
            0.8220697708363742,
            0.7454068241469817
        ],
        [
            0.30440688133239746,
            0.8365202160268574,
            0.7611548556430446
        ]
    ],
    "loss": 0.30440688133239746,
    "train_accuracy": 0.8365202160268574,
    "test_accuracy": 0.7611548556430446
}